<?xml version="1.0" encoding="UTF-8"?>
<project-private xmlns="http://www.netbeans.org/ns/project-private/1">
    <editor-bookmarks xmlns="http://www.netbeans.org/ns/editor-bookmarks/2" lastBookmarkId="0"/>
    <open-files xmlns="http://www.netbeans.org/ns/projectui-open-files/2">
        <group>
            <file>file:/C:/AmbienteTrabalho/WorkSpaces/Faculdade/LaboratorioJava/LocadoraNovoRepositorio/locadora_de_veiculos%20-%20Copia/src/com/locagyn/arquivodedados/idGerado.txt</file>
            <file>file:/C:/AmbienteTrabalho/WorkSpaces/Faculdade/LaboratorioJava/LocadoraNovoRepositorio/locadora_de_veiculos%20-%20Copia/src/com/locagyn/arquivodedados/Marca.txt</file>
            <file>file:/C:/AmbienteTrabalho/WorkSpaces/Faculdade/LaboratorioJava/LocadoraNovoRepositorio/locadora_de_veiculos%20-%20Copia/src/com/locagyn/arquivodedados/Modelo.txt</file>
        </group>
    </open-files>
</project-private>
